Project_Title,RFP_Question_ID,question,ground_truth,Area,Last_Accessed_At,Requester,Status
"Automated Document Processing System Using AI for Compliance and Reporting
",1,"What expertise do you have in creating applications based on artificial intelligence, and can you list some key projects?","Our company has 15 years of experience in developing AI-based applications, with a strong portfolio in sectors such as healthcare, finance, and education. For instance, our project MediAI Insight for the healthcare industry demonstrated significant achievements in patient data analysis, resulting in a 30% reduction in diagnostic errors and a 40% improvement in treatment personalization. Our platform has engaged over 200 healthcare facilities, achieving a user satisfaction rate of 95%.",General,01/12/2023,Bank D,Awarded
"Automated Document Processing System Using AI for Compliance and Reporting
",2,How do you ensure that your AI applications are kept current with the latest developments in artificial intelligence?,"We maintain a dedicated R&D team focused on integrating the latest AI advancements into our applications. This includes regular updates and feature enhancements based on cutting-edge technologies such as GPT (Generative Pre-trained Transformer) for natural language understanding, CNNs (Convolutional Neural Networks) for advanced image recognition tasks, and DQN (Deep Q-Networks) for decision-making processes in complex environments. Our commitment to these AI methodologies ensures that our applications remain innovative, with capabilities that adapt to evolving market demands and client needs. This approach has enabled us to enhance the predictive accuracy of our financial forecasting tools by 25% and improve the efficiency of our educational content personalization by 40%",General,01/12/2023,Bank D,Awarded
"Automated Document Processing System Using AI for Compliance and Reporting
",3,Are your AI tools configurable to cater to the specific needs of businesses or individual users?,"Absolutely, customization is a core aspect of our offering. We work closely with clients to understand their specific needs and tailor our AI algorithms and app functionalities accordingly, using technologies such as TensorFlow for machine learning models, React for responsive UI/UX designs, and Kubernetes for scalable cloud deployment. This personalized approach allows us to optimize AI functionalities to match unique business processes, enhancing user experience and operational efficiency for each client. For example, for a retail client, we customized our recommendation engine to increase customer retention by 20% through more accurate and personalized product suggestions.",General,01/12/2023,Bank D,Awarded
"Automated Document Processing System Using AI for Compliance and Reporting
",4,What strategies do you implement to protect data privacy and enhance security in your AI applications?,"User privacy and data security are paramount. We implement robust measures such as end-to-end encryption to secure data transmissions, anonymization techniques to protect user identities, and comprehensive compliance with data protection laws like GDPR and CCPA. We also employ regular security audits and vulnerability assessments to ensure our systems are impenetrable. Additionally, our deployment of advanced intrusion detection systems and the use of secure coding practices reinforce our commitment to safeguarding user data at all times",General,01/12/2023,Bank D,Awarded
"Automated Document Processing System Using AI for Compliance and Reporting
",5,How is user interface and experience considered in your AI application designs to ensure they are intuitive and engaging?,"Our design philosophy centers on simplicity and intuitiveness. We conduct extensive user research and testing to inform our UI/UX designs, ensuring that our AI-based apps are accessible and engaging for all users, regardless of their technical expertise. This includes applying principles from human-centered design, utilizing accessibility guidelines such as WCAG 2.1, and conducting iterative testing with diverse user groups. Our commitment to inclusivity and usability leads to higher user adoption rates and satisfaction. For instance, feedback-driven enhancements in our visual design have improved user engagement by over 30% across our applications.",General,01/12/2023,Bank D,Awarded
"Automated Document Processing System Using AI for Compliance and Reporting
",6,Describe the types of support and maintenance you offer after the initial launch of your AI applications.,"Post-launch, we offer comprehensive support and maintenance services, including regular updates, bug fixes, and performance optimization. Our support team is available 24/7 to assist with any issues or questions. We utilize a ticketing system that ensures swift response times, with an average initial response time of under 2 hours. Additionally, we provide monthly performance reports and hold quarterly reviews with clients to discuss system status and potential improvements. Our proactive approach includes using automated monitoring tools to detect and resolve issues before they impact users, ensuring that our applications perform optimally at all times. This service structure has been instrumental in maintaining a client satisfaction rate above 98%.",General,01/12/2023,Bank D,Awarded
"Automated Document Processing System Using AI for Compliance and Reporting
",7,How do you determine the success and impact of your AI solutions against the objectives of your clients?,"Success measurement is tailored to each project's objectives. We establish key performance indicators (KPIs) in collaboration with our clients, such as user engagement rates, efficiency improvements, or return on investment (ROI). We then regularly review these metrics using advanced analytics platforms and business intelligence tools to assess the app’s impact. Our approach includes monthly performance analysis meetings where we provide detailed reports and insights on metrics like session duration, user retention rates, and cost savings achieved through automation. We also implement A/B testing to continuously refine and optimize the application based on real-world usage data, ensuring that we make data-driven improvements that align closely with our clients' strategic goals.",General,01/12/2023,Bank D,Awarded
"Automated Document Processing System Using AI for Compliance and Reporting
",8,"In what ways do you ensure the ethical application of your LLMs, particularly concerning bias reduction and privacy protection?","We adhere to ethical AI practices by implementing bias detection and mitigation techniques during the training of our Large Language Models (LLMs). This involves using diverse datasets to prevent skewed results and deploying algorithms specifically designed to identify and correct bias in AI outputs. For data privacy, we employ data anonymization and secure data handling protocols, ensuring compliance with GDPR, CCPA, and other relevant regulations. Our systems use state-of-the-art encryption methods for data at rest and in transit, and our data governance policies are rigorously audited by third-party security firms to maintain high standards of data integrity and confidentiality. This commitment extends to regular training for our staff on the latest privacy laws and ethical AI use to ensure that our practices are up-to-date and effective.",Large Language Models,01/12/2023,Bank D,Awarded
"Automated Document Processing System Using AI for Compliance and Reporting
",9,"Can you detail the methodology behind training your LLMs, focusing on how you select data, models, and validation techniques?","Our LLM training process begins with the meticulous sourcing of diverse and comprehensive datasets from global sources, ensuring a rich variety that includes various languages, dialects, and cultural contexts. This diversity is critical for building models that perform equitably across different demographics. We leverage cutting-edge tools like Apache Kafka for real-time data streaming and Apache Hadoop for handling large datasets efficiently during preprocessing stages. For model architecture selection, we utilize TensorFlow and PyTorch frameworks to design and iterate on neural network structures that best suit each application's unique requirements, whether it's for predictive analytics in finance or customer service chatbots. Depending on the use case, we might choose from a variety of architectures such as Transformer models for their robust handling of sequential data or GANs (Generative Adversarial Networks) for generating new, synthetic data samples for training.",Large Language Models,01/12/2023,Bank D,Awarded
"Automated Document Processing System Using AI for Compliance and Reporting
",10,What methods do you employ for continuous updating and learning in your LLMs to adapt to new information and user demands?,"We implement advanced continuous learning mechanisms that allow our Large Language Models (LLMs) to adapt over time by incorporating new data and feedback loops, ensuring our models remain current and effective. We utilize incremental learning techniques where the model is periodically updated with fresh data without the need for retraining from scratch. This is facilitated by employing online learning algorithms such as Online Gradient Descent, which can quickly adjust model weights in response to new information.
 To efficiently manage this continuous learning process, we use tools like Apache Spark for handling large-scale data processing in a distributed computing environment. This allows for seamless integration of new data streams into our training datasets. We also implement active learning cycles where the models request human feedback on specific outputs that are uncertain, thus refining model predictions over time based on actual user interactions and feedback.
 Additionally, we incorporate reinforcement learning techniques where models are rewarded for improvements in performance metrics like accuracy and user engagement. This helps in fine-tuning the models' responses based on what is most effective in real-world scenarios.
 For monitoring and managing these updates, we use TensorFlow Extended (TFX) for a robust end-to-end platform that ensures our models are consistently validated against performance benchmarks before being deployed. This continuous adaptation framework guarantees that our LLMs are not only keeping pace with evolving user needs and preferences but are also progressively enhancing their relevance and effectiveness.",Large Language Models,01/12/2023,Bank D,Awarded
"Automated Document Processing System Using AI for Compliance and Reporting
",11,What steps do you take to make your LLMs' decision-making processes transparent and understandable?,"We prioritize transparency and explainability in our AI models by incorporating advanced features such as model interpretability layers and providing comprehensive documentation on how model decisions are made. This approach ensures that users can understand and trust the outputs of our Large Language Models (LLMs). To achieve this, we integrate tools like LIME (Local Interpretable Model-agnostic Explanations) and SHAP (SHapley Additive exPlanations) into our models. These tools allow us to break down and communicate the reasoning behind each model decision, fostering trust and facilitating easier audits by stakeholders.",Large Language Models,01/12/2023,Bank D,Awarded
"Automated Document Processing System Using AI for Compliance and Reporting
",12,How do you validate that your LLMs perform efficiently under varying loads and high-demand conditions?,"We conduct extensive performance testing under various load conditions to assess scalability and ensure our LLMs can handle high-demand scenarios efficiently. This involves using tools like Apache JMeter and LoadRunner to simulate different levels of user interaction and data volume, allowing us to evaluate how our systems perform under stress. Additionally, we employ scalable cloud infrastructure, utilizing services like Amazon Web Services (AWS) Elastic Compute Cloud (EC2) and Google Cloud Platform (GCP) Compute Engine, which support dynamic scaling. Optimization techniques such as auto-scaling groups and load balancers are implemented to ensure that our resources adjust automatically based on real-time demands, providing both robustness and cost efficiency.",Large Language Models,01/12/2023,Bank D,Awarded
"Automated Document Processing System Using AI for Compliance and Reporting
",13,"Provide examples of where your LLM-based solutions have been successfully implemented, including any obstacles encountered and their solutions.","We can share case studies of successful LLM-based application deployments, highlighting specific challenges such as data scarcity or model interpretability, and detailing the strategies and solutions we implemented to overcome these challenges. For example, in a project involving natural language processing for a legal firm, we faced significant data scarcity. To address this, we employed techniques like synthetic data generation and transfer learning from related domains to enrich our training datasets. Additionally, the issue of model interpretability was critical for our client’s trust and regulatory compliance. We tackled this by integrating SHAP (SHapley Additive exPlanations) to provide clear, understandable insights into how our model's decisions were made, ensuring transparency and boosting user confidence in the AI system.",Large Language Models,01/12/2023,Bank D,Awarded
"Automated Document Processing System Using AI for Compliance and Reporting
",14,What methodologies do you follow to integrate LLMs effectively into existing systems and organizational workflows?,"Our approach involves conducting a thorough analysis of the existing systems and workflows, designing integration plans that minimize disruption, and using APIs and custom connectors to ensure seamless integration of our LLM-based applications. We start by meticulously mapping the client's current infrastructure and operational flows to identify the most efficient points of integration. This is followed by the development of tailored integration plans that prioritize operational continuity and minimize downtime. To achieve seamless integration, we utilize robust APIs and develop custom connectors where necessary, ensuring compatibility with existing software platforms and databases. These tools allow for the smooth transfer of data and maintain the integrity and security of the system, ensuring that the new AI capabilities enhance functionality without compromising existing processes.",Large Language Models,01/12/2023,Bank D,Awarded
"Automated Document Processing System Using AI for Compliance and Reporting
",15,"How do you manage ongoing support and updates for LLM-based applications, particularly in relation to model drift?","Our post-deployment support is designed to ensure sustained performance and relevance of our LLM-based applications. We actively monitor for model drift to detect and address any degradation in model accuracy over time due to changes in underlying data patterns. This includes implementing automated systems that alert our team to potential drifts, allowing for timely interventions. Regular model updates and improvements are also part of our support protocol, ensuring that our solutions adapt to new data and evolving industry standards. Additionally, our dedicated technical support team is available to swiftly address any operational issues or adapt to changes in client requirements. This comprehensive support structure guarantees that our applications continue to deliver optimal performance and align with our clients' strategic objectives.",Large Language Models,01/12/2023,Bank D,Awarded
"Automated Document Processing System Using AI for Compliance and Reporting
",16,How is your AI solution aligned with the guidelines of the NIST AI RMF for responsible AI practices?,"Our AI solution is meticulously designed to align with the NIST AI Risk Management Framework (RMF) guidelines, ensuring adherence to principles of trustworthiness and responsibility. We have implemented comprehensive governance structures that oversee the ethical development and deployment of our AI technologies. This includes risk identification and assessment processes where potential risks are analyzed and categorized at each stage of the AI lifecycle. To manage these risks, we have instituted robust risk management controls that are deeply integrated into our development and operational processes. These controls are based on the NIST framework’s best practices, ensuring that our AI solutions are not only effective but also secure and ethical, maintaining transparency and accountability at all times.",AI Regulation,01/12/2023,Bank D,Awarded
"Automated Document Processing System Using AI for Compliance and Reporting
",17,Could you explain the AI risk governance structure you follow according to the NIST AI RMF?,"We have established an AI Risk Council that plays a pivotal role in overseeing AI risk management across our organization. This council is tasked with defining clear roles and responsibilities for AI governance, ensuring that there is a structured approach to managing AI risks. It also integrates AI risk management into our existing governance frameworks to enhance coherence and alignment with broader corporate policies and objectives. Additionally, the AI Risk Council promotes robust collaboration between various business units and our IT department. This collaboration is crucial for sharing insights, aligning strategies, and implementing comprehensive risk management practices effectively across the entire organization. This framework not only supports proactive risk management but also fosters an environment where AI technologies are used responsibly and ethically.",AI Regulation,01/12/2023,Bank D,Awarded
"Automated Document Processing System Using AI for Compliance and Reporting
",18,Describe how you identify and evaluate AI risks using the NIST AI RMF's 'Map' function.,"We conduct thorough assessments of AI systems and the people using AI within our organization. This process involves meticulously identifying potential risks such as data privacy, security, bias, and legal compliance. We assess both the impact and the likelihood of each identified risk to effectively prioritize them. Our approach includes the use of sophisticated tools and methodologies, such as risk matrices and scenario analysis, to quantify and categorize risks accurately. This comprehensive assessment enables us to develop targeted risk mitigation strategies and allocate resources more efficiently, ensuring that the most critical risks are addressed promptly and effectively. This proactive risk management practice helps us maintain the integrity of our AI systems and uphold our ethical and legal responsibilities.",AI Regulation,01/12/2023,Bank D,Awarded
"Automated Document Processing System Using AI for Compliance and Reporting
",19,What initiatives do you take to ensure decision-making transparency and explainability in your AI operations?,"We prioritize transparency by incorporating explainability features into our AI models, providing detailed documentation on the decision-making processes, and ensuring that stakeholders can understand and trust the outputs of our AI systems. To achieve this, we integrate explainability tools like feature importance scores and decision trees that clearly outline how and why decisions are made by our AI. We supplement these technical tools with comprehensive documentation that describes the algorithms' functions in accessible language. This approach is designed to demystify the AI's operations for non-technical stakeholders, fostering a higher level of trust and acceptance. By ensuring that our AI systems are transparent and their workings understandable, we maintain open communication and build confidence among users and regulators alike.",AI Regulation,01/12/2023,Bank D,Awarded
"Automated Document Processing System Using AI for Compliance and Reporting
",20,"How do you track AI risk exposure, and what metrics do you apply according to the NIST AI RMF's 'Measure' function?","We have developed a set of Key Performance Indicators (KPIs) and metrics specifically designed to assess and analyze AI risk exposure across our systems. These metrics are tracked continuously to provide a clear, quantifiable measure of risk at any given time. To streamline this process, we utilize AI risk assessment tools that automate both data collection and analysis, enhancing the accuracy and efficiency of our monitoring efforts.
 These tools employ advanced analytics to detect subtle shifts in risk patterns, enabling proactive risk management. Regular updates to our risk assessment protocols ensure that they remain aligned with current threat landscapes and regulatory requirements. This systematic monitoring and analysis not only help us maintain control over AI risks but also ensure that we can respond swiftly and effectively to any changes in risk levels, keeping our AI systems secure and compliant.",AI Regulation,01/12/2023,Bank D,Awarded
"Automated Document Processing System Using AI for Compliance and Reporting
",21,Explain how you manage and mitigate identified AI risks as prescribed by the NIST AI RMF's 'Manage' function.,"We implement and maintain robust risk management controls to mitigate identified risks effectively. This comprehensive approach includes regular updates to our AI models to address evolving challenges and improve performance. We also implement stringent security measures, such as encryption, access controls, and continuous monitoring systems, to safeguard our data and systems from unauthorized access and potential breaches.
 Furthermore, ensuring compliance with data protection laws is a critical part of our risk management strategy. We stay abreast of legal requirements in all operational jurisdictions, such as GDPR in Europe and CCPA in California, and integrate compliance measures into our AI deployments. Regular audits, both internal and by third-party assessors, help ensure that our practices are up-to-date and that we maintain the highest standards of data privacy and security. This holistic approach to risk management enables us to maintain trust and reliability in our AI applications.",AI Regulation,01/12/2023,Bank D,Awarded
"Automated Document Processing System Using AI for Compliance and Reporting
",22,What measures do you take to ensure compliance with U.S. data security and privacy regulations in your AI deployments?,"We ensure compliance with U.S. regulations such as the Federal Information Security Modernization Act (FISMA) and other applicable laws and directives by adopting a risk-based approach to control selection and specification. This approach meticulously considers the constraints and requirements imposed by these regulations. We conduct regular audits and assessments to verify that our security controls meet or exceed the stipulated standards, ensuring that all our data handling and processing activities are fully compliant.
 Our compliance framework is designed to adapt to the specific needs of the environments in which our systems operate, integrating best practices and guidance from regulatory bodies. We also engage with legal and compliance experts to stay updated on any changes in legislation, ensuring our practices remain in line with the latest requirements. This proactive and informed approach allows us to manage risk effectively while maintaining the highest levels of data protection and security as mandated by U.S. law.",AI Regulation,01/12/2023,Bank D,Awarded
"Automated Document Processing System Using AI for Compliance and Reporting
",23,In what ways do you participate in the enhancement of AI risk management practices as per NIST AI RMF guidelines?,"We actively participate in industry working groups and public-private partnerships to contribute to the continual improvement of AI risk management practices. Our engagement in these collaborative efforts not only allows us to share our insights and strategies but also enables us to learn from the collective experiences of the industry, helping to elevate the standards of AI safety and reliability across the board. Additionally, we stay abreast of updates to the NIST AI Risk Management Framework (RMF) and adjust our practices accordingly. This commitment to staying current ensures that our risk management approaches align with the latest guidelines and best practices, reinforcing our dedication to leading-edge, responsible AI development and deployment.",AI Regulation,01/12/2023,Bank D,Awarded